小孩开胃健脾	小孩|A,开胃|A,健脾|U	12
小孩开胃健脾	小孩|A,开胃|A,健脾|U	12
不透风保暖帐篷	不透风|A,保暖|A,帐篷|S	15
热疹婴儿	热|U,疹|U,婴儿|A	11,18
塑钢窗推拉锁	塑钢窗|P,推拉锁|S	20
道达尔除碳	道达尔|B,除碳|A	22
小孩开胃健脾	小孩|A,开胃|A,健脾|U	12
不透风保暖帐篷	不透风|A,保暖|A,帐篷|S	15
热疹婴儿	热|U,疹|U,婴儿|A	11,18
塑钢窗推拉锁	塑钢窗|P,推拉锁|S	20
道达尔除碳	道达尔|B,除碳|A	22
小孩开胃健脾	小孩|A,开胃|A,健脾|U	12
不透风保暖帐篷	不透风|A,保暖|A,帐篷|S	15
热疹婴儿	热|U,疹|U,婴儿|A	11,18
塑钢窗推拉锁	塑钢窗|P,推拉锁|S	20
道达尔除碳	道达尔|B,除碳|A	22
小孩开胃健脾	小孩|A,开胃|A,健脾|U	12
不透风保暖帐篷	不透风|A,保暖|A,帐篷|S	15
热疹婴儿	热|U,疹|U,婴儿|A	11,18
塑钢窗推拉锁	塑钢窗|P,推拉锁|S	20
道达尔除碳	道达尔|B,除碳|A	22
小孩开胃健脾	小孩|A,开胃|A,健脾|U	12
不透风保暖帐篷	不透风|A,保暖|A,帐篷|S	15
热疹婴儿	热|U,疹|U,婴儿|A	11,18
塑钢窗推拉锁	塑钢窗|P,推拉锁|S	20
道达尔除碳	道达尔|B,除碳|A	22
小孩开胃健脾	小孩|A,开胃|A,健脾|U	12
不透风保暖帐篷	不透风|A,保暖|A,帐篷|S	15
热疹婴儿	热|U,疹|U,婴儿|A	11,18
塑钢窗推拉锁	塑钢窗|P,推拉锁|S	20
道达尔除碳	道达尔|B,除碳|A	22
小孩开胃健脾	小孩|A,开胃|A,健脾|U	12
不透风保暖帐篷	不透风|A,保暖|A,帐篷|S	15
热疹婴儿	热|U,疹|U,婴儿|A	11,18
塑钢窗推拉锁	塑钢窗|P,推拉锁|S	20
道达尔除碳	道达尔|B,除碳|A	22
小孩开胃健脾	小孩|A,开胃|A,健脾|U	12
不透风保暖帐篷	不透风|A,保暖|A,帐篷|S	15
热疹婴儿	热|U,疹|U,婴儿|A	11,18
塑钢窗推拉锁	塑钢窗|P,推拉锁|S	20
道达尔除碳	道达尔|B,除碳|A	22
小孩开胃健脾	小孩|A,开胃|A,健脾|U	12
不透风保暖帐篷	不透风|A,保暖|A,帐篷|S	15
热疹婴儿	热|U,疹|U,婴儿|A	11,18
塑钢窗推拉锁	塑钢窗|P,推拉锁|S	20
道达尔除碳	道达尔|B,除碳|A	22
小孩开胃健脾	小孩|A,开胃|A,健脾|U	12
不透风保暖帐篷	不透风|A,保暖|A,帐篷|S	15
热疹婴儿	热|U,疹|U,婴儿|A	11,18
塑钢窗推拉锁	塑钢窗|P,推拉锁|S	20
道达尔除碳	道达尔|B,除碳|A	22
小孩开胃健脾	小孩|A,开胃|A,健脾|U	12
不透风保暖帐篷	不透风|A,保暖|A,帐篷|S	15
热疹婴儿	热|U,疹|U,婴儿|A	11,18
塑钢窗推拉锁	塑钢窗|P,推拉锁|S	20
道达尔除碳	道达尔|B,除碳|A	22
小孩开胃健脾	小孩|A,开胃|A,健脾|U	12
不透风保暖帐篷	不透风|A,保暖|A,帐篷|S	15
热疹婴儿	热|U,疹|U,婴儿|A	11,18
塑钢窗推拉锁	塑钢窗|P,推拉锁|S	20
道达尔除碳	道达尔|B,除碳|A	22
小孩开胃健脾	小孩|A,开胃|A,健脾|U	12
不透风保暖帐篷	不透风|A,保暖|A,帐篷|S	15
热疹婴儿	热|U,疹|U,婴儿|A	11,18
塑钢窗推拉锁	塑钢窗|P,推拉锁|S	20
道达尔除碳	道达尔|B,除碳|A	22
小孩开胃健脾	小孩|A,开胃|A,健脾|U	12
不透风保暖帐篷	不透风|A,保暖|A,帐篷|S	15
热疹婴儿	热|U,疹|U,婴儿|A	11,18
塑钢窗推拉锁	塑钢窗|P,推拉锁|S	20
道达尔除碳	道达尔|B,除碳|A	22
小孩开胃健脾	小孩|A,开胃|A,健脾|U	12
不透风保暖帐篷	不透风|A,保暖|A,帐篷|S	15
热疹婴儿	热|U,疹|U,婴儿|A	11,18
塑钢窗推拉锁	塑钢窗|P,推拉锁|S	20
道达尔除碳	道达尔|B,除碳|A	22
小孩开胃健脾	小孩|A,开胃|A,健脾|U	12
不透风保暖帐篷	不透风|A,保暖|A,帐篷|S	15
热疹婴儿	热|U,疹|U,婴儿|A	11,18
塑钢窗推拉锁	塑钢窗|P,推拉锁|S	20
道达尔除碳	道达尔|B,除碳|A	22
小孩开胃健脾	小孩|A,开胃|A,健脾|U	12
不透风保暖帐篷	不透风|A,保暖|A,帐篷|S	15
热疹婴儿	热|U,疹|U,婴儿|A	11,18
塑钢窗推拉锁	塑钢窗|P,推拉锁|S	20
道达尔除碳	道达尔|B,除碳|A	22
小孩开胃健脾	小孩|A,开胃|A,健脾|U	12
不透风保暖帐篷	不透风|A,保暖|A,帐篷|S	15
热疹婴儿	热|U,疹|U,婴儿|A	11,18
塑钢窗推拉锁	塑钢窗|P,推拉锁|S	20
道达尔除碳	道达尔|B,除碳|A	22
小孩开胃健脾	小孩|A,开胃|A,健脾|U	12
不透风保暖帐篷	不透风|A,保暖|A,帐篷|S	15
热疹婴儿	热|U,疹|U,婴儿|A	11,18
塑钢窗推拉锁	塑钢窗|P,推拉锁|S	20
道达尔除碳	道达尔|B,除碳|A	22
小孩开胃健脾	小孩|A,开胃|A,健脾|U	12
不透风保暖帐篷	不透风|A,保暖|A,帐篷|S	15
热疹婴儿	热|U,疹|U,婴儿|A	11,18
塑钢窗推拉锁	塑钢窗|P,推拉锁|S	20
道达尔除碳	道达尔|B,除碳|A	22
不透风保暖帐篷	不透风|A,保暖|A,帐篷|S	15
热疹婴儿	热|U,疹|U,婴儿|A	11,18
塑钢窗推拉锁	塑钢窗|P,推拉锁|S	20
道达尔除碳	道达尔|B,除碳|A	22
